<?xml version="1.0" encoding="UTF-8" standalone="yes"?>
<distinction:distinction xmlns:address="http://www.orcid.org/ns/address" xmlns:email="http://www.orcid.org/ns/email" xmlns:history="http://www.orcid.org/ns/history" xmlns:employment="http://www.orcid.org/ns/employment" xmlns:education="http://www.orcid.org/ns/education" xmlns:other-name="http://www.orcid.org/ns/other-name" xmlns:deprecated="http://www.orcid.org/ns/deprecated" xmlns:funding="http://www.orcid.org/ns/funding" xmlns:research-resource="http://www.orcid.org/ns/research-resource" xmlns:service="http://www.orcid.org/ns/service" xmlns:researcher-url="http://www.orcid.org/ns/researcher-url" xmlns:distinction="http://www.orcid.org/ns/distinction" xmlns:internal="http://www.orcid.org/ns/internal" xmlns:membership="http://www.orcid.org/ns/membership" xmlns:person="http://www.orcid.org/ns/person" xmlns:personal-details="http://www.orcid.org/ns/personal-details" xmlns:bulk="http://www.orcid.org/ns/bulk" xmlns:common="http://www.orcid.org/ns/common" xmlns:record="http://www.orcid.org/ns/record" xmlns:keyword="http://www.orcid.org/ns/keyword" xmlns:activities="http://www.orcid.org/ns/activities" xmlns:qualification="http://www.orcid.org/ns/qualification" xmlns:external-identifier="http://www.orcid.org/ns/external-identifier" xmlns:error="http://www.orcid.org/ns/error" xmlns:preferences="http://www.orcid.org/ns/preferences" xmlns:invited-position="http://www.orcid.org/ns/invited-position" xmlns:work="http://www.orcid.org/ns/work" xmlns:peer-review="http://www.orcid.org/ns/peer-review" put-code="23236163" display-index="1" visibility="public">
    <common:created-date>2024-04-13T17:29:47.319Z</common:created-date>
    <common:last-modified-date>2024-04-13T17:29:47.319Z</common:last-modified-date>
    <common:source>
        <common:source-orcid>
            <common:uri>https://orcid.org/0009-0005-4851-4005</common:uri>
            <common:path>0009-0005-4851-4005</common:path>
            <common:host>orcid.org</common:host>
        </common:source-orcid>
        <common:source-name>مرتضی ابوالحسنی خواجه Morteza Abolhasani Khajeh</common:source-name>
    </common:source>
    <common:department-name>اسکله شهیدرجایی بندرعباس </common:department-name>
    <common:role-title>گمرک</common:role-title>
    <common:start-date>
        <common:year>2015</common:year>
        <common:month>02</common:month>
        <common:day>19</common:day>
    </common:start-date>
    <common:organization>
        <common:name>Morteza Abolhasani</common:name>
        <common:address>
            <common:city>بندرعباس</common:city>
            <common:region>هرمزگان</common:region>
            <common:country>IR</common:country>
        </common:address>
    </common:organization>
    <common:url>https://github.in/mortezaabolhasanikhajeh</common:url>
</distinction:distinction>
