<?xml version="1.0" encoding="UTF-8" standalone="yes"?>
<person:person xmlns:address="http://www.orcid.org/ns/address" xmlns:email="http://www.orcid.org/ns/email" xmlns:history="http://www.orcid.org/ns/history" xmlns:employment="http://www.orcid.org/ns/employment" xmlns:education="http://www.orcid.org/ns/education" xmlns:other-name="http://www.orcid.org/ns/other-name" xmlns:deprecated="http://www.orcid.org/ns/deprecated" xmlns:funding="http://www.orcid.org/ns/funding" xmlns:research-resource="http://www.orcid.org/ns/research-resource" xmlns:service="http://www.orcid.org/ns/service" xmlns:researcher-url="http://www.orcid.org/ns/researcher-url" xmlns:distinction="http://www.orcid.org/ns/distinction" xmlns:internal="http://www.orcid.org/ns/internal" xmlns:membership="http://www.orcid.org/ns/membership" xmlns:person="http://www.orcid.org/ns/person" xmlns:personal-details="http://www.orcid.org/ns/personal-details" xmlns:bulk="http://www.orcid.org/ns/bulk" xmlns:common="http://www.orcid.org/ns/common" xmlns:record="http://www.orcid.org/ns/record" xmlns:keyword="http://www.orcid.org/ns/keyword" xmlns:activities="http://www.orcid.org/ns/activities" xmlns:qualification="http://www.orcid.org/ns/qualification" xmlns:external-identifier="http://www.orcid.org/ns/external-identifier" xmlns:error="http://www.orcid.org/ns/error" xmlns:preferences="http://www.orcid.org/ns/preferences" xmlns:invited-position="http://www.orcid.org/ns/invited-position" xmlns:work="http://www.orcid.org/ns/work" xmlns:peer-review="http://www.orcid.org/ns/peer-review">
    <person:name visibility="public" path="0009-0005-4851-4005">
        <common:created-date>2024-04-13T15:09:56.128Z</common:created-date>
        <common:last-modified-date>2024-04-13T17:36:03.889Z</common:last-modified-date>
        <personal-details:given-names>Morteza</personal-details:given-names>
        <personal-details:family-name>Abolhasani Khajeh</personal-details:family-name>
        <personal-details:credit-name>مرتضی ابوالحسنی خواجه Morteza Abolhasani Khajeh</personal-details:credit-name>
    </person:name>
    <other-name:other-names/>
    <person:biography visibility="public">
        <common:created-date>2024-04-13T17:43:38.347Z</common:created-date>
        <common:last-modified-date>2024-04-13T17:43:38.347Z</common:last-modified-date>
        <personal-details:content>متولد ۱۳۶۱ ساکن و اهل تهران ، مجرد 
مدرک تحصیلی : کامپیوتر
تخصص : ترخیص کالا و حدمات بازرگانی و گمرکی
سبک سازی ؛ استریپ ؛ حمل یکسره 
ترخیص خودرو 
ترخیص کالا 
ترخیص میوه و تره بار</personal-details:content>
    </person:biography>
    <researcher-url:researcher-urls>
        <researcher-url:researcher-url put-code="4551356" visibility="public" display-index="12">
            <common:created-date>2024-04-13T16:50:53.160Z</common:created-date>
            <common:last-modified-date>2024-04-13T17:13:15.323Z</common:last-modified-date>
            <common:source>
                <common:source-orcid>
                    <common:uri>https://orcid.org/0009-0005-4851-4005</common:uri>
                    <common:path>0009-0005-4851-4005</common:path>
                    <common:host>orcid.org</common:host>
                </common:source-orcid>
                <common:source-name>مرتضی ابوالحسنی خواجه Morteza Abolhasani Khajeh</common:source-name>
            </common:source>
            <researcher-url:url-name>https://wa.me/message/FIW6HLILRAZKI1</researcher-url:url-name>
            <researcher-url:url>https://wa.me/message/FIW6HLILRAZKI1</researcher-url:url>
        </researcher-url:researcher-url>
        <researcher-url:researcher-url put-code="4551359" visibility="public" display-index="11">
            <common:created-date>2024-04-13T16:53:28.369Z</common:created-date>
            <common:last-modified-date>2024-04-13T17:13:15.323Z</common:last-modified-date>
            <common:source>
                <common:source-orcid>
                    <common:uri>https://orcid.org/0009-0005-4851-4005</common:uri>
                    <common:path>0009-0005-4851-4005</common:path>
                    <common:host>orcid.org</common:host>
                </common:source-orcid>
                <common:source-name>مرتضی ابوالحسنی خواجه Morteza Abolhasani Khajeh</common:source-name>
            </common:source>
            <researcher-url:url-name>https://mortezaabolhasanikhajeh.wordpress.com</researcher-url:url-name>
            <researcher-url:url>https://mortezaabolhasanikhajeh.wordpresscom</researcher-url:url>
        </researcher-url:researcher-url>
        <researcher-url:researcher-url put-code="4551364" visibility="public" display-index="10">
            <common:created-date>2024-04-13T16:55:41.777Z</common:created-date>
            <common:last-modified-date>2024-04-13T17:13:15.323Z</common:last-modified-date>
            <common:source>
                <common:source-orcid>
                    <common:uri>https://orcid.org/0009-0005-4851-4005</common:uri>
                    <common:path>0009-0005-4851-4005</common:path>
                    <common:host>orcid.org</common:host>
                </common:source-orcid>
                <common:source-name>مرتضی ابوالحسنی خواجه Morteza Abolhasani Khajeh</common:source-name>
            </common:source>
            <researcher-url:url-name>https://mortezaabolhasanikhajeh.websites.co.in</researcher-url:url-name>
            <researcher-url:url>https://mortezaabolhasanikhajeh.websites.co.in</researcher-url:url>
        </researcher-url:researcher-url>
        <researcher-url:researcher-url put-code="4551367" visibility="public" display-index="9">
            <common:created-date>2024-04-13T16:56:53.402Z</common:created-date>
            <common:last-modified-date>2024-04-13T17:13:15.323Z</common:last-modified-date>
            <common:source>
                <common:source-orcid>
                    <common:uri>https://orcid.org/0009-0005-4851-4005</common:uri>
                    <common:path>0009-0005-4851-4005</common:path>
                    <common:host>orcid.org</common:host>
                </common:source-orcid>
                <common:source-name>مرتضی ابوالحسنی خواجه Morteza Abolhasani Khajeh</common:source-name>
            </common:source>
            <researcher-url:url-name>https://instagram.com/morteza.abolhasani.khaje</researcher-url:url-name>
            <researcher-url:url>https://instagram.com/morteza.abolhasani.khaje</researcher-url:url>
        </researcher-url:researcher-url>
        <researcher-url:researcher-url put-code="4551371" visibility="public" display-index="8">
            <common:created-date>2024-04-13T16:59:43.567Z</common:created-date>
            <common:last-modified-date>2024-04-13T17:13:15.323Z</common:last-modified-date>
            <common:source>
                <common:source-orcid>
                    <common:uri>https://orcid.org/0009-0005-4851-4005</common:uri>
                    <common:path>0009-0005-4851-4005</common:path>
                    <common:host>orcid.org</common:host>
                </common:source-orcid>
                <common:source-name>مرتضی ابوالحسنی خواجه Morteza Abolhasani Khajeh</common:source-name>
            </common:source>
            <researcher-url:url-name>https://youtube.com/@Morteza.Abolhasani.Khajeh</researcher-url:url-name>
            <researcher-url:url>https://youtube.com/@Morteza.Abolhasani.Khajeh</researcher-url:url>
        </researcher-url:researcher-url>
        <researcher-url:researcher-url put-code="4551377" visibility="public" display-index="7">
            <common:created-date>2024-04-13T17:03:53.994Z</common:created-date>
            <common:last-modified-date>2024-04-13T17:13:15.323Z</common:last-modified-date>
            <common:source>
                <common:source-orcid>
                    <common:uri>https://orcid.org/0009-0005-4851-4005</common:uri>
                    <common:path>0009-0005-4851-4005</common:path>
                    <common:host>orcid.org</common:host>
                </common:source-orcid>
                <common:source-name>مرتضی ابوالحسنی خواجه Morteza Abolhasani Khajeh</common:source-name>
            </common:source>
            <researcher-url:url-name>https://github.com/morteza.abolhasani.khajeh</researcher-url:url-name>
            <researcher-url:url>https://github.com/morteza.abolhasani.khajeh</researcher-url:url>
        </researcher-url:researcher-url>
        <researcher-url:researcher-url put-code="4551379" visibility="public" display-index="6">
            <common:created-date>2024-04-13T17:05:03.045Z</common:created-date>
            <common:last-modified-date>2024-04-13T17:13:15.323Z</common:last-modified-date>
            <common:source>
                <common:source-orcid>
                    <common:uri>https://orcid.org/0009-0005-4851-4005</common:uri>
                    <common:path>0009-0005-4851-4005</common:path>
                    <common:host>orcid.org</common:host>
                </common:source-orcid>
                <common:source-name>مرتضی ابوالحسنی خواجه Morteza Abolhasani Khajeh</common:source-name>
            </common:source>
            <researcher-url:url-name>https://x.com/@mortezaabo8</researcher-url:url-name>
            <researcher-url:url>https://x.com/@mortezaabo8</researcher-url:url>
        </researcher-url:researcher-url>
        <researcher-url:researcher-url put-code="4551382" visibility="public" display-index="5">
            <common:created-date>2024-04-13T17:06:38.787Z</common:created-date>
            <common:last-modified-date>2024-04-13T17:13:15.323Z</common:last-modified-date>
            <common:source>
                <common:source-orcid>
                    <common:uri>https://orcid.org/0009-0005-4851-4005</common:uri>
                    <common:path>0009-0005-4851-4005</common:path>
                    <common:host>orcid.org</common:host>
                </common:source-orcid>
                <common:source-name>مرتضی ابوالحسنی خواجه Morteza Abolhasani Khajeh</common:source-name>
            </common:source>
            <researcher-url:url-name>https://telegram.com/@Morteza_1361</researcher-url:url-name>
            <researcher-url:url>https://telegram.com/@Morteza_1361</researcher-url:url>
        </researcher-url:researcher-url>
        <researcher-url:researcher-url put-code="4551383" visibility="public" display-index="4">
            <common:created-date>2024-04-13T17:08:23.919Z</common:created-date>
            <common:last-modified-date>2024-04-13T17:13:15.323Z</common:last-modified-date>
            <common:source>
                <common:source-orcid>
                    <common:uri>https://orcid.org/0009-0005-4851-4005</common:uri>
                    <common:path>0009-0005-4851-4005</common:path>
                    <common:host>orcid.org</common:host>
                </common:source-orcid>
                <common:source-name>مرتضی ابوالحسنی خواجه Morteza Abolhasani Khajeh</common:source-name>
            </common:source>
            <researcher-url:url-name>https://mortezaabolhasani.html-5.ir</researcher-url:url-name>
            <researcher-url:url>https://mortezaabolhasani.html-5.ir</researcher-url:url>
        </researcher-url:researcher-url>
        <researcher-url:researcher-url put-code="4551384" visibility="public" display-index="3">
            <common:created-date>2024-04-13T17:09:55.907Z</common:created-date>
            <common:last-modified-date>2024-04-13T17:13:15.323Z</common:last-modified-date>
            <common:source>
                <common:source-orcid>
                    <common:uri>https://orcid.org/0009-0005-4851-4005</common:uri>
                    <common:path>0009-0005-4851-4005</common:path>
                    <common:host>orcid.org</common:host>
                </common:source-orcid>
                <common:source-name>مرتضی ابوالحسنی خواجه Morteza Abolhasani Khajeh</common:source-name>
            </common:source>
            <researcher-url:url-name>https://mortezaabolhasani.com</researcher-url:url-name>
            <researcher-url:url>https://mortezaabolhasani.com</researcher-url:url>
        </researcher-url:researcher-url>
        <researcher-url:researcher-url put-code="4551387" visibility="public" display-index="2">
            <common:created-date>2024-04-13T17:13:15.305Z</common:created-date>
            <common:last-modified-date>2024-04-13T17:13:15.305Z</common:last-modified-date>
            <common:source>
                <common:source-orcid>
                    <common:uri>https://orcid.org/0009-0005-4851-4005</common:uri>
                    <common:path>0009-0005-4851-4005</common:path>
                    <common:host>orcid.org</common:host>
                </common:source-orcid>
                <common:source-name>مرتضی ابوالحسنی خواجه Morteza Abolhasani Khajeh</common:source-name>
            </common:source>
            <researcher-url:url-name>https://mortezatarkhis.com</researcher-url:url-name>
            <researcher-url:url>https://mortezatarkhis.com</researcher-url:url>
        </researcher-url:researcher-url>
        <researcher-url:researcher-url put-code="4551386" visibility="public" display-index="1">
            <common:created-date>2024-04-13T17:13:15.303Z</common:created-date>
            <common:last-modified-date>2024-04-13T17:13:15.303Z</common:last-modified-date>
            <common:source>
                <common:source-orcid>
                    <common:uri>https://orcid.org/0009-0005-4851-4005</common:uri>
                    <common:path>0009-0005-4851-4005</common:path>
                    <common:host>orcid.org</common:host>
                </common:source-orcid>
                <common:source-name>مرتضی ابوالحسنی خواجه Morteza Abolhasani Khajeh</common:source-name>
            </common:source>
            <researcher-url:url-name>https://mak22.wordpress.com</researcher-url:url-name>
            <researcher-url:url>https://mak22.wordpress.com</researcher-url:url>
        </researcher-url:researcher-url>
    </researcher-url:researcher-urls>
    <email:emails>
        <email:email visibility="private" verified="true" primary="true">
            <common:created-date>2024-04-13T15:09:56.121Z</common:created-date>
            <common:last-modified-date>2024-04-13T15:25:12.986Z</common:last-modified-date>
            <common:source>
                <common:source-orcid>
                    <common:uri>https://orcid.org/0009-0005-4851-4005</common:uri>
                    <common:path>0009-0005-4851-4005</common:path>
                    <common:host>orcid.org</common:host>
                </common:source-orcid>
                <common:source-name>مرتضی ابوالحسنی خواجه Morteza Abolhasani Khajeh</common:source-name>
            </common:source>
            <email:email>mortezaabualhasanikhawaja@gmail.com</email:email>
        </email:email>
        <email:email visibility="private" verified="true" primary="false">
            <common:created-date>2024-04-13T15:09:56.123Z</common:created-date>
            <common:last-modified-date>2024-04-13T15:22:02.204Z</common:last-modified-date>
            <common:source>
                <common:source-orcid>
                    <common:uri>https://orcid.org/0009-0005-4851-4005</common:uri>
                    <common:path>0009-0005-4851-4005</common:path>
                    <common:host>orcid.org</common:host>
                </common:source-orcid>
                <common:source-name>مرتضی ابوالحسنی خواجه Morteza Abolhasani Khajeh</common:source-name>
            </common:source>
            <email:email>abolhasanikhajeh@gmail.com</email:email>
        </email:email>
    </email:emails>
    <address:addresses>
        <address:address put-code="3334620" visibility="public" display-index="1">
            <common:created-date>2024-04-13T17:45:14.453Z</common:created-date>
            <common:last-modified-date>2024-04-13T17:45:14.453Z</common:last-modified-date>
            <common:source>
                <common:source-orcid>
                    <common:uri>https://orcid.org/0009-0005-4851-4005</common:uri>
                    <common:path>0009-0005-4851-4005</common:path>
                    <common:host>orcid.org</common:host>
                </common:source-orcid>
                <common:source-name>مرتضی ابوالحسنی خواجه Morteza Abolhasani Khajeh</common:source-name>
            </common:source>
            <address:country>IR</address:country>
        </address:address>
    </address:addresses>
    <keyword:keywords>
        <keyword:keyword put-code="3844146" visibility="public" display-index="1">
            <common:created-date>2024-04-13T17:44:11.784Z</common:created-date>
            <common:last-modified-date>2024-04-13T17:44:11.784Z</common:last-modified-date>
            <common:source>
                <common:source-orcid>
                    <common:uri>https://orcid.org/0009-0005-4851-4005</common:uri>
                    <common:path>0009-0005-4851-4005</common:path>
                    <common:host>orcid.org</common:host>
                </common:source-orcid>
                <common:source-name>مرتضی ابوالحسنی خواجه Morteza Abolhasani Khajeh</common:source-name>
            </common:source>
            <keyword:content>مرتضی ابوالحسنی خواجه</keyword:content>
        </keyword:keyword>
    </keyword:keywords>
    <external-identifier:external-identifiers/>
</person:person>
